1948,4.458333333333333,12,Tom Jones (1963)
969,4.42,50,"African Queen, The (1951)"
3035,4.411764705882353,17,Mister Roberts (1955)
1066,4.409090909090909,11,Shall We Dance (1937)
905,4.38,25,It Happened One Night (1934)
3462,4.359375,32,Modern Times (1936)
898,4.351351351351352,37,"Philadelphia Story, The (1940)"
2318,4.326086956521739,23,Happiness (1998)
194,4.291666666666667,24,Smoke (1995)
3088,4.2631578947368425,19,Harvey (1950)
608,4.256696428571429,224,Fargo (1996)
296,4.256172839506172,324,Pulp Fiction (1994)
3022,4.25,14,"General, The (1926)"
994,4.25,22,Big Night (1996)
2690,4.25,20,"Ideal Husband, An (1999)"
3071,4.2272727272727275,11,Stand and Deliver (1988)
1060,4.226190476190476,42,Swingers (1996)
1136,4.224137931034483,145,Monty Python and the Holy Grail (1975)
2300,4.212121212121212,33,"Producers, The (1968)"
951,4.211538461538462,26,His Girl Friday (1940)
750,4.20952380952381,105,Dr. Strangelove or: How I Learned to Stop Worrying and Love the Bomb (1964)
1197,4.208588957055214,163,"Princess Bride, The (1987)"
232,4.208333333333333,24,Eat Drink Man Woman (Yin shi nan nu) (1994)
950,4.205882352941177,17,"Thin Man, The (1934)"
2289,4.204545454545454,44,"Player, The (1992)"
899,4.1953125,64,Singin' in the Rain (1952)
745,4.193548387096774,62,Wallace & Gromit: A Close Shave (1995)
2973,4.178571428571429,28,Crimes and Misdemeanors (1989)
1175,4.166666666666667,30,Delicatessen (1991)
92259,4.166666666666667,27,Intouchables (2011)
308,4.159090909090909,22,Three Colors: White (Trzy kolory: Bialy) (1994)
1238,4.147058823529412,17,Local Hero (1983)
778,4.141129032258065,124,Trainspotting (1996)
2359,4.133333333333334,30,Waking Ned Devine (a.k.a. Waking Ned) (1998)
1256,4.132352941176471,34,Duck Soup (1933)
3359,4.131578947368421,19,Breaking Away (1979)
2542,4.128378378378378,74,"Lock, Stock & Two Smoking Barrels (1998)"
1845,4.125,12,Zero Effect (1998)
1247,4.123595505617978,89,"Graduate, The (1967)"
106782,4.120689655172414,29,"Wolf of Wall Street, The (2013)"
3814,4.115384615384615,13,Love and Death (1975)
911,4.111111111111111,27,Charade (1963)
4973,4.096,125,"Amelie (Fabuleux destin d'Amélie Poulain, Le) (2001)"
115617,4.095238095238095,21,Big Hero 6 (2014)
1230,4.09375,80,Annie Hall (1977)
1148,4.093333333333334,75,Wallace & Gromit: The Wrong Trousers (1993)
3504,4.092105263157895,38,Network (1976)
907,4.090909090909091,11,"Gay Divorcee, The (1934)"
2788,4.090909090909091,22,Monty Python's And Now for Something Completely Different (1971)
1223,4.089743589743589,39,"Grand Day Out with Wallace and Gromit, A (1989)"
1292,4.089285714285714,28,Being There (1979)
1278,4.087837837837838,74,Young Frankenstein (1974)
1288,4.085365853658536,82,This Is Spinal Tap (1984)
108932,4.076923076923077,13,The Lego Movie (2014)
78499,4.071428571428571,42,Toy Story 3 (2010)
955,4.066666666666666,30,Bringing Up Baby (1938)
3363,4.065789473684211,38,American Graffiti (1973)
356,4.05425219941349,341,Forrest Gump (1994)
6807,4.054054054054054,37,Monty Python's The Meaning of Life (1983)
1300,4.052631578947368,19,My Life as a Dog (Mitt liv som hund) (1985)
1077,4.051282051282051,39,Sleeper (1973)
2804,4.046666666666667,75,"Christmas Story, A (1983)"
1243,4.045454545454546,22,Rosencrantz and Guildenstern Are Dead (1990)
3629,4.045454545454546,11,"Gold Rush, The (1925)"
2599,4.044303797468355,79,Election (1999)
1281,4.043478260869565,23,"Great Dictator, The (1940)"
106696,4.041666666666667,12,Frozen (2013)
134853,4.041666666666667,24,Inside Out (2015)
4011,4.036842105263158,95,Snatch (2000)
671,4.03030303030303,33,Mystery Science Theater 3000: The Movie (1996)
109374,4.0285714285714285,35,"Grand Budapest Hotel, The (2014)"
81229,4.027777777777778,18,Red (2010)
2324,4.025252525252525,99,Life Is Beautiful (La Vita è bella) (1997)
72226,4.021739130434782,23,Fantastic Mr. Fox (2009)
916,4.019230769230769,26,Roman Holiday (1953)
1234,4.015873015873016,63,"Sting, The (1973)"
1270,4.015486725663717,226,Back to the Future (1985)
2918,4.007518796992481,133,Ferris Bueller's Day Off (1986)
7132,4.0,11,"Night at the Opera, A (1935)"
3067,4.0,14,Women on the Verge of a Nervous Breakdown (Mujeres al borde de un ataque de nervios) (1988)
3129,4.0,12,Sweet and Lowdown (1999)
720,4.0,45,Wallace & Gromit: The Best of Aardman Animation (1996)
945,4.0,21,Top Hat (1935)
3307,4.0,23,City Lights (1931)
272,4.0,39,"Madness of King George, The (1994)"
58,4.0,45,"Postman, The (Postino, Il) (1994)"
93510,4.0,14,21 Jump Street (2012)
1277,4.0,11,Cyrano de Bergerac (1990)
81564,4.0,11,Megamind (2010)
1732,3.995833333333333,120,"Big Lebowski, The (1998)"
497,3.9833333333333334,60,Much Ado About Nothing (1993)
1968,3.982905982905983,117,"Breakfast Club, The (1985)"
3543,3.977272727272727,22,Diner (1982)
319,3.973684210526316,38,Shallow Grave (1994)
1537,3.9722222222222223,18,Shall We Dance? (Shall We Dansu?) (1996)
1079,3.9719101123595504,89,"Fish Called Wanda, A (1988)"
1500,3.96875,64,Grosse Pointe Blank (1997)
3548,3.96875,16,Auntie Mame (1958)
728,3.96875,16,Cold Comfort Farm (1995)
2396,3.9669421487603307,121,Shakespeare in Love (1998)
3104,3.9655172413793105,29,Midnight Run (1988)
223,3.963302752293578,109,Clerks (1994)
2395,3.963235294117647,68,Rushmore (1998)
1244,3.962962962962963,54,Manhattan (1979)
79702,3.9615384615384617,26,Scott Pilgrim vs. the World (2010)
3481,3.960227272727273,88,High Fidelity (2000)
5500,3.9583333333333335,12,Top Secret! (1984)
2997,3.9563492063492065,126,Being John Malkovich (1999)
156,3.9545454545454546,11,Blue in the Face (1995)
1394,3.95,70,Raising Arizona (1987)
57669,3.9473684210526314,38,In Bruges (2008)
910,3.946969696969697,66,Some Like It Hot (1959)
1269,3.945945945945946,37,Arsenic and Old Lace (1944)
2243,3.9444444444444446,36,Broadcast News (1987)
348,3.9375,40,Bullets Over Broadway (1994)
2248,3.9361702127659575,47,Say Anything... (1989)
3671,3.935483870967742,62,Blazing Saddles (1974)
3060,3.9285714285714284,21,"Commitments, The (1991)"
86882,3.9285714285714284,21,Midnight in Paris (2011)
4128,3.925,20,"Lost Boys, The (1987)"
6773,3.923076923076923,13,"Triplets of Belleville, The (Les triplettes de Belleville) (2003)"
1307,3.9195402298850577,87,When Harry Met Sally... (1989)
26776,3.9166666666666665,12,Porco Rosso (Crimson Pig) (Kurenai no buta) (1992)
901,3.9166666666666665,12,Funny Face (1957)
77455,3.9166666666666665,12,Exit Through the Gift Shop (2010)
2502,3.9150943396226414,106,Office Space (1999)
44195,3.9125,40,Thank You for Smoking (2006)
3070,3.909090909090909,11,"Adventures of Buckaroo Banzai Across the 8th Dimension, The (1984)"
3521,3.909090909090909,11,Mystery Train (1989)
46578,3.9078947368421053,76,Little Miss Sunshine (2006)
235,3.9038461538461537,78,Ed Wood (1994)
921,3.9,20,My Favorite Year (1982)
3396,3.9,35,"Muppet Movie, The (1979)"
1220,3.893617021276596,94,"Blues Brothers, The (1980)"
915,3.891304347826087,23,Sabrina (1954)
1682,3.886861313868613,137,"Truman Show, The (1998)"
52435,3.8846153846153846,13,How the Grinch Stole Christmas! (1966)
4886,3.8846153846153846,130,"Monsters, Inc. (2001)"
2863,3.8833333333333333,30,"Hard Day's Night, A (1964)"
101,3.8823529411764706,17,Bottle Rocket (1996)
5103,3.880952380952381,21,"Sandlot, The (1993)"
1449,3.8793103448275863,29,Waiting for Guffman (1996)
471,3.877551020408163,49,"Hudsucker Proxy, The (1994)"
4027,3.875,96,"O Brother, Where Art Thou? (2000)"
1,3.8724696356275303,247,Toy Story (1995)
8874,3.8714285714285714,70,Shaun of the Dead (2004)
3868,3.8714285714285714,35,"Naked Gun: From the Files of Police Squad!, The (1988)"
2580,3.87,50,Go (1999)
54259,3.869565217391304,23,Stardust (2007)
1958,3.8676470588235294,34,Terms of Endearment (1983)
8961,3.861111111111111,126,"Incredibles, The (2004)"
281,3.861111111111111,18,Nobody's Fool (1994)
1080,3.857142857142857,91,Monty Python's Life of Brian (1979)
6539,3.854609929078014,141,Pirates of the Caribbean: The Curse of the Black Pearl (2003)
56367,3.8541666666666665,72,Juno (2007)
3524,3.8529411764705883,17,Arthur (1981)
4306,3.8477011494252875,174,Shrek (2001)
1734,3.8461538461538463,13,My Life in Pink (Ma vie en rose) (1997)
3114,3.844,125,Toy Story 2 (1999)
3317,3.842857142857143,35,Wonder Boys (2000)
1078,3.8421052631578947,19,Bananas (1971)
1265,3.8393939393939394,165,Groundhog Day (1993)
6662,3.8333333333333335,15,"Pink Panther, The (1963)"
2797,3.8317757009345796,107,Big (1988)
2144,3.8260869565217392,46,Sixteen Candles (1984)
1057,3.823529411764706,17,Everyone Says I Love You (1996)
3018,3.8214285714285716,14,Re-Animator (1985)
2791,3.8207547169811322,106,Airplane! (1980)
69,3.8181818181818183,22,Friday (1995)
6711,3.8176470588235296,85,Lost in Translation (2003)
1215,3.8173076923076925,52,Army of Darkness (1993)
838,3.817073170731707,41,Emma (1996)
1028,3.8141025641025643,78,Mary Poppins (1964)
1257,3.8125,24,Better Off Dead... (1985)
4361,3.810344827586207,29,Tootsie (1982)
3507,3.8095238095238093,21,"Odd Couple, The (1968)"
3361,3.8068181818181817,44,Bull Durham (1988)
3421,3.805084745762712,59,Animal House (1978)
6377,3.80327868852459,122,Finding Nemo (2003)
1285,3.80327868852459,61,Heathers (1989)
59784,3.803030303030303,33,Kung Fu Panda (2008)
909,3.803030303030303,33,"Apartment, The (1960)"
112183,3.8,15,Birdman: Or (The Unexpected Virtue of Ignorance) (2014)
6993,3.8,15,Hannah and Her Sisters (1986)
38061,3.793103448275862,29,Kiss Kiss Bang Bang (2005)
1261,3.787878787878788,33,Evil Dead II (Dead by Dawn) (1987)
55269,3.7857142857142856,21,"Darjeeling Limited, The (2007)"
2857,3.7857142857142856,21,Yellow Submarine (1968)
60756,3.7857142857142856,14,Step Brothers (2008)
1235,3.784090909090909,44,Harold and Maude (1971)
61323,3.783333333333333,30,Burn After Reading (2008)
176,3.7777777777777777,18,Living in Oblivion (1995)
2352,3.7777777777777777,36,"Big Chill, The (1983)"
5902,3.7738095238095237,42,Adaptation (2002)
1641,3.7734375,64,"Full Monty, The (1997)"
2349,3.772727272727273,11,Mona Lisa (1986)
3873,3.772727272727273,11,Cat Ballou (1965)
91542,3.769230769230769,26,Sherlock Holmes: A Game of Shadows (2011)
3911,3.76271186440678,59,Best in Show (2000)
51255,3.761904761904762,42,Hot Fuzz (2007)
2716,3.761904761904762,147,Ghostbusters (a.k.a. Ghost Busters) (1984)
3034,3.7586206896551726,29,Robin Hood (1973)
1912,3.7586206896551726,29,Out of Sight (1998)
69757,3.7555555555555555,45,(500) Days of Summer (2009)
4979,3.753623188405797,69,"Royal Tenenbaums, The (2001)"
1073,3.7533783783783785,148,Willy Wonka & the Chocolate Factory (1971)
2750,3.75,22,Radio Days (1987)
2736,3.75,14,Brighton Beach Memoirs (1986)
3341,3.75,12,Born Yesterday (1950)
1279,3.75,12,Night on Earth (1991)
2125,3.75,28,Ever After: A Cinderella Story (1998)
345,3.75,48,"Adventures of Priscilla, Queen of the Desert, The (1994)"
38038,3.75,28,Wallace & Gromit in The Curse of the Were-Rabbit (2005)
6708,3.75,22,Matchstick Men (2003)
3358,3.75,18,Defending Your Life (1991)
5060,3.7457627118644066,59,M*A*S*H (a.k.a. MASH) (1970)
2423,3.74,25,Christmas Vacation (National Lampoon's Christmas Vacation) (1989)
2078,3.739130434782609,46,"Jungle Book, The (1967)"
2890,3.739130434782609,46,Three Kings (1999)
54503,3.7386363636363638,44,Superbad (2007)
492,3.738095238095238,21,Manhattan Murder Mystery (1993)
37729,3.738095238095238,21,Corpse Bride (2005)
1273,3.736842105263158,19,Down by Law (1986)
1194,3.7333333333333334,15,Cheech and Chong's Up in Smoke (1978)
56152,3.7333333333333334,15,Enchanted (2007)
2463,3.725,20,Ruthless People (1986)
1784,3.7222222222222223,99,As Good as It Gets (1997)
79091,3.71875,16,Despicable Me (2010)
562,3.716666666666667,30,Welcome to the Dollhouse (1995)
7323,3.7142857142857144,21,"Good bye, Lenin! (2003)"
125,3.7142857142857144,21,Flirting With Disaster (1996)
94959,3.7115384615384617,26,Moonrise Kingdom (2012)
3097,3.7083333333333335,12,"Shop Around the Corner, The (1940)"
1663,3.7,40,Stripes (1981)
1271,3.7,40,Fried Green Tomatoes (1991)
2109,3.696078431372549,51,"Jerk, The (1979)"
2108,3.6923076923076925,39,L.A. Story (1991)
936,3.6923076923076925,13,Ninotchka (1939)
89864,3.6923076923076925,13,50/50 (2011)
11,3.6890243902439024,82,"American President, The (1995)"
1965,3.6875,32,Repo Man (1984)
2080,3.6862745098039214,51,Lady and the Tramp (1955)
357,3.6844262295081966,122,Four Weddings and a Funeral (1994)
2795,3.683333333333333,30,National Lampoon's Vacation (1983)
68135,3.6818181818181817,11,17 Again (2009)
3270,3.6818181818181817,11,"Cutting Edge, The (1992)"
97921,3.6818181818181817,22,Silver Linings Playbook (2012)
947,3.6818181818181817,11,My Man Godfrey (1936)
2081,3.6794871794871793,78,"Little Mermaid, The (1989)"
88163,3.6785714285714284,14,"Crazy, Stupid, Love. (2011)"
80549,3.6785714285714284,14,Easy A (2010)
1527,3.6779661016949152,118,"Fifth Element, The (1997)"
2005,3.676470588235294,51,"Goonies, The (1985)"
4085,3.676470588235294,51,Beverly Hills Cop (1984)
588,3.6744186046511627,215,Aladdin (1992)
1081,3.6724137931034484,29,Victor/Victoria (1982)
4641,3.6666666666666665,36,Ghost World (2001)
3261,3.6666666666666665,12,Singles (1992)
2987,3.6666666666666665,108,Who Framed Roger Rabbit? (1988)
2926,3.6666666666666665,21,Hairspray (1988)
3852,3.6666666666666665,12,"Tao of Steve, The (2000)"
76251,3.6666666666666665,30,Kick-Ass (2010)
55280,3.6666666666666665,15,Lars and the Real Girl (2007)
837,3.6666666666666665,18,Matilda (1996)
8949,3.6666666666666665,45,Sideways (2004)
1885,3.6666666666666665,24,"Opposite of Sex, The (1998)"
2301,3.6666666666666665,18,History of the World: Part I (1981)
81847,3.6666666666666665,21,Tangled (2010)
1580,3.663157894736842,190,Men in Black (a.k.a. MIB) (1997)
46976,3.6625,40,Stranger than Fiction (2006)
3072,3.6621621621621623,37,Moonstruck (1987)
441,3.6621621621621623,37,Dazed and Confused (1993)
3448,3.660377358490566,53,"Good Morning, Vietnam (1987)"
2398,3.659090909090909,22,Miracle on 34th Street (1947)
31878,3.6578947368421053,19,Kung Fu Hustle (Gong fu) (2004)
119145,3.6538461538461537,13,Kingsman: The Secret Service (2015)
1914,3.6538461538461537,13,Smoke Signals (1998)
93840,3.6538461538461537,13,"Cabin in the Woods, The (2012)"
1429,3.6538461538461537,13,First Strike (Police Story 4: First Strike) (Ging chaat goo si 4: Ji gaan daan yam mo) (1996)
6620,3.6470588235294117,17,American Splendor (2003)
914,3.6470588235294117,51,My Fair Lady (1964)
35836,3.6470588235294117,51,"40-Year-Old Virgin, The (2005)"
514,3.6470588235294117,17,"Ref, The (1994)"
5991,3.6470588235294117,51,Chicago (2002)
5377,3.644230769230769,52,About a Boy (2002)
322,3.642857142857143,14,Swimming with Sharks (1995)
2779,3.642857142857143,21,Heaven Can Wait (1978)
2083,3.642857142857143,14,"Muppet Christmas Carol, The (1992)"
52,3.6372549019607843,51,Mighty Aphrodite (1995)
8807,3.6363636363636362,22,Harold and Kumar Go to White Castle (2004)
71535,3.635135135135135,37,Zombieland (2009)
3108,3.635135135135135,37,"Fisher King, The (1991)"
1321,3.6315789473684212,38,"American Werewolf in London, An (1981)"
8784,3.6293103448275863,58,Garden State (2004)
4489,3.625,24,Coming to America (1988)
1884,3.625,44,Fear and Loathing in Las Vegas (1998)
3039,3.625,48,Trading Places (1983)
56587,3.625,12,"Bucket List, The (2007)"
6003,3.625,16,Confessions of a Dangerous Mind (2002)
2321,3.625,64,Pleasantville (1998)
66934,3.625,16,Dr. Horrible's Sing-Along Blog (2008)
5135,3.625,16,Monsoon Wedding (2001)
1120,3.621212121212121,33,"People vs. Larry Flynt, The (1996)"
3033,3.6206896551724137,58,Spaceballs (1987)
2065,3.619047619047619,21,"Purple Rose of Cairo, The (1985)"
1396,3.6176470588235294,51,Sneakers (1992)
417,3.6153846153846154,13,Barcelona (1994)
3210,3.6153846153846154,52,Fast Times at Ridgemont High (1982)
4467,3.6153846153846154,13,"Adventures of Baron Munchausen, The (1988)"
69122,3.6136363636363638,44,"Hangover, The (2009)"
8910,3.611111111111111,18,I Heart Huckabees (2004)
2355,3.6095238095238096,105,"Bug's Life, A (1998)"
3244,3.607142857142857,14,"Goodbye Girl, The (1977)"
1907,3.607142857142857,42,Mulan (1998)
3685,3.6,15,Prizzi's Honor (1985)
224,3.6,35,Don Juan DeMarco (1995)
34437,3.6,15,Broken Flowers (2005)
3061,3.590909090909091,11,Holiday Inn (1942)
47518,3.590909090909091,11,Accepted (2006)
2000,3.588888888888889,90,Lethal Weapon (1987)
3526,3.5869565217391304,23,Parenthood (1989)
2406,3.5846153846153848,65,Romancing the Stone (1984)
5505,3.5833333333333335,12,"Good Girl, The (2002)"
1966,3.5833333333333335,12,Metropolitan (1990)
934,3.5833333333333335,24,Father of the Bride (1950)
6942,3.581818181818182,55,Love Actually (2003)
1171,3.5806451612903225,31,Bob Roberts (1992)
141,3.5806451612903225,93,"Birdcage, The (1996)"
2746,3.577777777777778,45,Little Shop of Horrors (1986)
6867,3.576923076923077,13,"Station Agent, The (2003)"
8360,3.574074074074074,81,Shrek 2 (2004)
575,3.5714285714285716,14,"Little Rascals, The (1994)"
2968,3.5697674418604652,43,Time Bandits (1981)
1639,3.5692307692307694,65,Chasing Amy (1997)
30810,3.5689655172413794,29,"Life Aquatic with Steve Zissou, The (2004)"
94,3.5681818181818183,22,Beautiful Girls (1996)
440,3.561111111111111,90,Dave (1993)
2245,3.56,25,Working Girl (1988)
2273,3.558139534883721,43,Rush Hour (1998)
1923,3.5528455284552845,123,There's Something About Mary (1998)
2302,3.5526315789473686,76,My Cousin Vinny (1992)
39,3.55,120,Clueless (1995)
34162,3.5476190476190474,42,Wedding Crashers (2005)
3972,3.5454545454545454,11,"Legend of Drunken Master, The (Jui kuen II) (1994)"
3675,3.5454545454545454,11,White Christmas (1954)
4225,3.5454545454545454,11,"Dish, The (2001)"
2946,3.5454545454545454,11,Help! (1965)
1255,3.5416666666666665,12,Bad Taste (1987)
2252,3.5384615384615383,13,Hero (1992)
21,3.536842105263158,95,Get Shorty (1995)
368,3.535211267605634,71,Maverick (1994)
8464,3.533333333333333,45,Super Size Me (2004)
1810,3.533333333333333,15,Primary Colors (1998)
6863,3.5294117647058822,51,School of Rock (2003)
97913,3.526315789473684,19,Wreck-It Ralph (2012)
6296,3.5238095238095237,21,"Mighty Wind, A (2003)"
45,3.5232558139534884,43,To Die For (1995)
61024,3.522727272727273,22,Pineapple Express (2008)
4623,3.5217391304347827,23,Major League (1989)
1476,3.5217391304347827,23,Private Parts (1997)
5673,3.5208333333333335,24,Punch-Drunk Love (2002)
7451,3.517857142857143,28,Mean Girls (2004)
380,3.515151515151515,198,True Lies (1994)
8641,3.514705882352941,34,Anchorman: The Legend of Ron Burgundy (2004)
2150,3.513888888888889,36,"Gods Must Be Crazy, The (1980)"
3175,3.5076923076923077,65,Galaxy Quest (1999)
6188,3.5,32,Old School (2003)
102123,3.5,12,This Is the End (2013)
861,3.5,12,Supercop (Police Story 3: Supercop) (Jing cha gu shi III: Chao ji jing cha) (1992)
4016,3.5,32,"Emperor's New Groove, The (2000)"
1701,3.5,16,Deconstructing Harry (1997)
3398,3.5,11,"Muppets Take Manhattan, The (1984)"
6957,3.5,19,Bad Santa (2003)
1566,3.5,32,Hercules (1997)
3536,3.5,18,Keeping the Faith (2000)
45728,3.5,18,Clerks II (2006)
1376,3.5,65,Star Trek IV: The Voyage Home (1986)
2700,3.5,75,"South Park: Bigger, Longer and Uncut (1999)"
1042,3.489795918367347,49,That Thing You Do! (1996)
2011,3.4797979797979797,99,Back to the Future Part II (1989)
1380,3.477777777777778,90,Grease (1978)
4499,3.4761904761904763,21,Dirty Rotten Scoundrels (1988)
2572,3.473684210526316,57,10 Things I Hate About You (1999)
4246,3.471830985915493,71,Bridget Jones's Diary (2001)
1268,3.4705882352941178,17,Pump Up the Volume (1990)
5049,3.46875,16,48 Hrs. (1982)
500,3.4673202614379086,153,Mrs. Doubtfire (1993)
4029,3.466666666666667,15,State and Main (2000)
4321,3.4642857142857144,28,City Slickers (1991)
289,3.4642857142857144,14,Only You (1994)
107,3.462962962962963,27,Muppet Treasure Island (1996)
4571,3.4625,40,Bill & Ted's Excellent Adventure (1989)
2249,3.4615384615384617,13,My Blue Heaven (1990)
2718,3.4615384615384617,13,Drop Dead Gorgeous (1999)
8623,3.4615384615384617,13,Roxanne (1987)
34332,3.4583333333333335,12,Sky High (2005)
1747,3.457627118644068,59,Wag the Dog (1997)
2961,3.4545454545454546,11,"Story of Us, The (1999)"
4121,3.4545454545454546,11,Innerspace (1987)
3255,3.4473684210526314,57,"League of Their Own, A (1992)"
3869,3.4444444444444446,27,"Naked Gun 2 1/2: The Smell of Fear, The (1991)"
3948,3.4431818181818183,88,Meet the Parents (2000)
339,3.4405940594059405,101,While You Were Sleeping (1995)
2174,3.4375,104,Beetlejuice (1988)
450,3.4375,16,With Honors (1994)
342,3.4375,56,Muriel's Wedding (1994)
3751,3.4292929292929295,99,Chicken Run (2000)
1395,3.4285714285714284,14,Tin Men (1987)
1594,3.4285714285714284,14,In the Company of Men (1997)
63131,3.4285714285714284,14,Role Models (2008)
539,3.428,125,Sleepless in Seattle (1993)
2006,3.4272727272727272,55,"Mask of Zorro, The (1998)"
3552,3.425925925925926,54,Caddyshack (1980)
8917,3.425,20,Team America: World Police (2004)
6659,3.423076923076923,13,Tremors (1990)
61132,3.4210526315789473,19,Tropic Thunder (2008)
3549,3.4166666666666665,18,Guys and Dolls (1955)
3712,3.4166666666666665,12,Soapdish (1991)
663,3.411764705882353,17,Kids in the Hall: Brain Candy (1996)
1407,3.410958904109589,73,Scream (1996)
1125,3.4107142857142856,28,"Return of the Pink Panther, The (1975)"
63859,3.409090909090909,11,Bolt (2008)
2390,3.409090909090909,11,Little Voice (1998)
2247,3.40625,16,Married to the Mob (1988)
708,3.401639344262295,61,"Truth About Cats & Dogs, The (1996)"
5617,3.4,15,Secretary (2002)
1188,3.3970588235294117,34,Strictly Ballroom (1992)
5218,3.3968253968253967,63,Ice Age (2002)
52973,3.3958333333333335,24,Knocked Up (2007)
3253,3.391891891891892,74,Wayne's World (1992)
6218,3.3902439024390243,41,Bend It Like Beckham (2002)
122904,3.388888888888889,18,Deadpool (2016)
2671,3.3828125,64,Notting Hill (1999)
2145,3.380952380952381,42,Pretty in Pink (1986)
1013,3.380952380952381,21,"Parent Trap, The (1961)"
361,3.38,25,It Could Happen to You (1994)
3263,3.3793103448275863,29,White Men Can't Jump (1992)
1517,3.378504672897196,107,Austin Powers: International Man of Mystery (1997)
1441,3.375,28,Benny & Joon (1993)
2371,3.375,28,Fletch (1985)
4002,3.375,36,"Planes, Trains & Automobiles (1987)"
1297,3.375,20,Real Genius (1985)
2110,3.3666666666666667,15,Dead Men Don't Wear Plaid (1982)
2141,3.3653846153846154,26,"American Tail, An (1986)"
8529,3.364864864864865,37,"Terminal, The (2004)"
3565,3.3636363636363638,11,Where the Heart Is (2000)
5299,3.3627450980392157,51,My Big Fat Greek Wedding (2002)
5013,3.3620689655172415,29,Gosford Park (2001)
597,3.360544217687075,147,Pretty Woman (1990)
1614,3.36,25,In & Out (1997)
2792,3.36,25,Airplane II: The Sequel (1982)
236,3.3583333333333334,60,French Kiss (1995)
952,3.357142857142857,21,Around the World in 80 Days (1956)
1135,3.347826086956522,23,Private Benjamin (1980)
543,3.3461538461538463,52,So I Married an Axe Murderer (1993)
2915,3.3452380952380953,42,Risky Business (1983)
2694,3.3448275862068964,29,Big Daddy (1999)
3809,3.3448275862068964,29,What About Bob? (1991)
4299,3.3392857142857144,28,"Knight's Tale, A (2001)"
54272,3.3378378378378377,37,"Simpsons Movie, The (2007)"
8528,3.3378378378378377,37,Dodgeball: A True Underdog Story (2004)
218,3.3333333333333335,15,Boys on the Side (1995)
8366,3.3333333333333335,15,Saved! (2004)
785,3.3333333333333335,60,Kingpin (1996)
1020,3.3275862068965516,29,Cool Runnings (1993)
144,3.326923076923077,26,"Brothers McMullen, The (1995)"
587,3.3253968253968256,126,Ghost (1990)
3052,3.3227848101265822,79,Dogma (1999)
2405,3.3225806451612905,31,"Jewel of the Nile, The (1985)"
333,3.32,50,Tommy Boy (1995)
30825,3.32,25,Meet the Fockers (2004)
3566,3.3181818181818183,11,"Big Kahuna, The (2000)"
5785,3.3181818181818183,11,Jackass: The Movie (2002)
2469,3.3181818181818183,22,Peggy Sue Got Married (1986)
3087,3.316666666666667,30,Scrooged (1988)
2496,3.3095238095238093,21,Blast from the Past (1999)
2335,3.3076923076923075,26,"Waterboy, The (1998)"
2111,3.3076923076923075,13,"Man with Two Brains, The (1983)"
180,3.3068181818181817,44,Mallrats (1995)
3591,3.3055555555555554,18,Mr. Mom (1983)
203,3.3043478260869565,23,"To Wong Foo, Thanks for Everything! Julie Newmar (1995)"
468,3.303030303030303,33,"Englishman Who Went Up a Hill But Came Down a Mountain, The (1995)"
3174,3.3,35,Man on the Moon (1999)
1569,3.298076923076923,52,My Best Friend's Wedding (1997)
2706,3.2972972972972974,111,American Pie (1999)
112,3.295918367346939,49,Rumble in the Bronx (Hont faan kui) (1995)
58998,3.2954545454545454,22,Forgetting Sarah Marshall (2008)
33004,3.2941176470588234,34,"Hitchhiker's Guide to the Galaxy, The (2005)"
104,3.2925531914893615,94,Happy Gilmore (1996)
1689,3.2916666666666665,12,"Man Who Knew Too Little, The (1997)"
5577,3.2916666666666665,12,Igby Goes Down (2002)
1883,3.2903225806451615,31,Bulworth (1998)
18,3.2884615384615383,26,Four Rooms (1995)
33615,3.2857142857142856,28,Madagascar (2005)
2124,3.2857142857142856,35,"Addams Family, The (1991)"
2282,3.2857142857142856,14,Pecker (1998)
2617,3.2848101265822787,79,"Mummy, The (1999)"
7,3.2830188679245285,53,Sabrina (1995)
145,3.2790697674418605,43,Bad Boys (1995)
7293,3.2758620689655173,29,50 First Dates (2004)
2294,3.2735849056603774,53,Antz (1998)
53125,3.272727272727273,33,Pirates of the Caribbean: At World's End (2007)
550,3.272727272727273,11,Threesome (1994)
3812,3.272727272727273,11,Everything You Always Wanted to Know About Sex * But Were Afraid to Ask (1972)
48385,3.272727272727273,44,Borat: Cultural Learnings of America for Make Benefit Glorious Nation of Kazakhstan (2006)
2683,3.2723214285714284,112,Austin Powers: The Spy Who Shagged Me (1999)
62434,3.269230769230769,13,Zack and Miri Make a Porno (2008)
32031,3.269230769230769,13,Robots (2005)
7346,3.269230769230769,13,"Girl Next Door, The (2004)"
49286,3.269230769230769,13,"Holiday, The (2006)"
5,3.267857142857143,56,Father of the Bride Part II (1995)
2012,3.265957446808511,94,Back to the Future Part III (1990)
2015,3.263157894736842,19,"Absent-Minded Professor, The (1961)"
852,3.2596153846153846,52,Tin Cup (1996)
3608,3.2586206896551726,29,Pee-wee's Big Adventure (1985)
2478,3.2580645161290325,31,¡Three Amigos! (1986)
1513,3.2555555555555555,45,Romy and Michele's High School Reunion (1997)
1378,3.25,28,Young Guns (1988)
5945,3.25,34,About Schmidt (2002)
532,3.25,18,Serial Mom (1994)
371,3.25,20,"Paper, The (1994)"
378,3.25,12,Speechless (1994)
2539,3.2450980392156863,51,Analyze This (1999)
4734,3.2419354838709675,31,Jay and Silent Bob Strike Back (2001)
2424,3.2416666666666667,60,You've Got Mail (1998)
2622,3.238095238095238,21,William Shakespeare's A Midsummer Night's Dream (1999)
1777,3.2357142857142858,70,"Wedding Singer, The (1998)"
3614,3.235294117647059,17,Honeymoon in Vegas (1992)
2470,3.2333333333333334,60,Crocodile Dundee (1986)
71464,3.230769230769231,13,"Serious Man, A (2009)"
799,3.2291666666666665,24,"Frighteners, The (1996)"
31685,3.2291666666666665,24,Hitch (2005)
4816,3.2282608695652173,46,Zoolander (2001)
4010,3.227272727272727,11,Brewster's Millions (1985)
2059,3.2222222222222223,18,"Parent Trap, The (1998)"
195,3.2142857142857144,14,Something to Talk About (1995)
3301,3.2115384615384617,26,"Whole Nine Yards, The (2000)"
3624,3.210526315789474,38,Shanghai Noon (2000)
4823,3.210526315789474,19,Serendipity (2001)
1173,3.210526315789474,19,"Cook the Thief His Wife & Her Lover, The (1989)"
2001,3.210526315789474,57,Lethal Weapon 2 (1989)
3450,3.2096774193548385,31,Grumpy Old Men (1993)
2407,3.2093023255813953,43,Cocoon (1985)
4132,3.2083333333333335,12,Mannequin (1987)
60950,3.2083333333333335,12,Vicky Cristina Barcelona (2008)
801,3.2083333333333335,12,Harriet the Spy (1996)
7149,3.2083333333333335,12,Something's Gotta Give (2003)
6156,3.2,15,Shanghai Knights (2003)
60126,3.1923076923076925,13,Get Smart (2008)
351,3.1923076923076925,13,"Corrina, Corrina (1994)"
94777,3.1923076923076925,13,Men in Black III (M.III.B.) (M.I.B.³) (2012)
237,3.1911764705882355,34,Forget Paris (1995)
1485,3.1901408450704225,71,Liar Liar (1997)
2485,3.189655172413793,29,She's All That (1999)
7317,3.1875,16,EuroTrip (2004)
5110,3.1818181818181817,11,Super Troopers (2001)
3051,3.1818181818181817,11,Anywhere But Here (1999)
6548,3.1818181818181817,11,Bad Boys II (2003)
30793,3.1808510638297873,47,Charlie and the Chocolate Factory (2005)
1021,3.1785714285714284,14,Angels in the Outfield (1994)
44022,3.175,20,Ice Age 2: The Meltdown (2006)
2657,3.1746031746031744,63,"Rocky Horror Picture Show, The (1975)"
2003,3.1702127659574466,47,Gremlins (1984)
466,3.169491525423729,59,Hot Shots! Part Deux (1993)
6936,3.1666666666666665,27,Elf (2003)
2014,3.1666666666666665,15,Freaky Friday (1977)
2100,3.1634615384615383,52,Splash (1984)
3,3.1610169491525424,59,Grumpier Old Men (1995)
45517,3.16,25,Cars (2006)
3740,3.159090909090909,22,Big Trouble in Little China (1986)
64969,3.1538461538461537,13,Yes Man (2008)
248,3.1538461538461537,13,Houseguest (1994)
4701,3.1538461538461537,26,Rush Hour 2 (2001)
410,3.1506849315068495,73,Addams Family Values (1993)
67734,3.142857142857143,14,Adventureland (2009)
52245,3.142857142857143,14,Blades of Glory (2007)
4023,3.142857142857143,21,"Family Man, The (2000)"
45720,3.142857142857143,21,"Devil Wears Prada, The (2006)"
552,3.14,50,"Three Musketeers, The (1993)"
4700,3.138888888888889,18,"Princess Diaries, The (2001)"
2134,3.138888888888889,36,Weird Science (1985)
47997,3.1363636363636362,11,Idiocracy (2006)
3254,3.1363636363636362,22,Wayne's World 2 (1993)
5693,3.1363636363636362,11,Saturday Night Fever (1977)
6944,3.1363636363636362,11,Father of the Bride (1991)
830,3.1346153846153846,26,"First Wives Club, The (1996)"
1772,3.1333333333333333,15,Blues Brothers 2000 (1998)
6155,3.1333333333333333,15,How to Lose a Guy in 10 Days (2003)
8376,3.1333333333333333,45,Napoleon Dynamite (2004)
27706,3.1333333333333333,15,Lemony Snicket's A Series of Unfortunate Events (2004)
2413,3.1315789473684212,19,Clue (1985)
4018,3.125,44,What Women Want (2000)
56949,3.125,16,27 Dresses (2008)
3489,3.116279069767442,43,Hook (1991)
53121,3.1153846153846154,13,Shrek the Third (2007)
2133,3.1136363636363638,22,Adventures in Babysitting (1987)
586,3.112403100775194,129,Home Alone (1990)
2723,3.111111111111111,36,Mystery Men (1999)
231,3.1107594936708862,158,Dumb & Dumber (Dumb and Dumber) (1994)
2805,3.108695652173913,23,Mickey Blue Eyes (1999)
6873,3.107142857142857,14,Intolerable Cruelty (2003)
2431,3.107142857142857,28,Patch Adams (1998)
4214,3.107142857142857,14,Revenge of the Nerds (1984)
33679,3.1020408163265305,49,Mr. & Mrs. Smith (2005)
4980,3.1,15,Bill & Ted's Bogus Journey (1991)
6373,3.1,50,Bruce Almighty (2003)
5620,3.090909090909091,22,Sweet Home Alabama (2002)
1588,3.088235294117647,17,George of the Jungle (1997)
3617,3.081081081081081,37,Road Trip (2000)
788,3.0808823529411766,68,"Nutty Professor, The (1996)"
5308,3.0789473684210527,19,Three Men and a Baby (1987)
3157,3.074074074074074,27,Stuart Little (1999)
585,3.073170731707317,41,"Brady Bunch Movie, The (1995)"
4545,3.0714285714285716,14,Short Circuit (1986)
1895,3.0714285714285716,14,Can't Hardly Wait (1998)
5459,3.0714285714285716,49,Men in Black II (a.k.a. MIIB) (a.k.a. MIB 2) (2002)
367,3.070063694267516,157,"Mask, The (1994)"
2770,3.0686274509803924,51,Bowfinger (1999)
2759,3.0681818181818183,22,Dick (1999)
4161,3.066666666666667,30,"Mexican, The (2001)"
2861,3.066666666666667,15,For Love of the Game (1999)
520,3.0615384615384613,65,Robin Hood: Men in Tights (1993)
252,3.0609756097560976,41,I.Q. (1994)
1918,3.0595238095238093,42,Lethal Weapon 4 (1998)
372,3.0588235294117645,34,Reality Bites (1994)
46970,3.0588235294117645,17,Talladega Nights: The Ballad of Ricky Bobby (2006)
46972,3.0555555555555554,18,Night at the Museum (2006)
3247,3.054054054054054,37,Sister Act (1992)
122,3.0526315789473686,19,Boomerang (1992)
2072,3.0526315789473686,19,"'burbs, The (1989)"
370,3.0522388059701493,67,Naked Gun 33 1/3: The Final Insult (1994)
2581,3.0428571428571427,35,Never Been Kissed (1999)
2060,3.0416666666666665,12,BASEketball (1998)
2387,3.0384615384615383,13,Very Bad Things (1998)
4844,3.0357142857142856,14,Bandits (2001)
3861,3.0357142857142856,14,"Replacements, The (2000)"
2747,3.0357142857142856,14,"Little Shop of Horrors, The (1960)"
1405,3.032608695652174,46,Beavis and Butt-Head Do America (1996)
1010,3.0294117647058822,17,"Love Bug, The (1969)"
216,3.0238095238095237,42,Billy Madison (1995)
70,3.0208333333333335,48,From Dusk Till Dawn (1996)
1064,3.0,14,Aladdin and the King of Thieves (1996)
2829,3.0,11,"Muse, The (1999)"
2567,3.0,21,EDtv (1999)
4333,3.0,12,Throw Momma from the Train (1987)
1717,3.0,32,Scream 2 (1997)
1241,3.0,11,Dead Alive (Braindead) (1992)
135,3.0,27,Down Periscope (1996)
1391,2.99375,80,Mars Attacks! (1996)
4447,2.9893617021276597,47,Legally Blonde (2001)
1409,2.984848484848485,33,Michael (1996)
2002,2.9743589743589745,39,Lethal Weapon 3 (1992)
3438,2.9722222222222223,18,Teenage Mutant Ninja Turtles (1990)
2369,2.9714285714285715,35,Desperately Seeking Susan (1985)
2468,2.966666666666667,15,Jumpin' Jack Flash (1986)
4084,2.9642857142857144,14,Beverly Hills Cop II (1987)
317,2.9642857142857144,70,"Santa Clause, The (1994)"
1353,2.9615384615384617,13,"Mirror Has Two Faces, The (1996)"
1367,2.9594594594594597,37,101 Dalmatians (1996)
5541,2.9545454545454546,11,Hot Shots! (1991)
5283,2.9545454545454546,11,National Lampoon's Van Wilder (2002)
1888,2.933333333333333,15,Hope Floats (1998)
239,2.933333333333333,15,"Goofy Movie, A (1995)"
3825,2.925925925925926,27,Coyote Ugly (2000)
516,2.923076923076923,13,Renaissance Man (1994)
2447,2.923076923076923,13,Varsity Blues (1999)
4974,2.923076923076923,13,Not Another Teen Movie (2001)
3688,2.9166666666666665,12,Porky's (1982)
1894,2.9130434782608696,23,Six Days Seven Nights (1998)
8984,2.911764705882353,34,Ocean's Twelve (2004)
2699,2.911290322580645,62,Arachnophobia (1990)
5481,2.911111111111111,45,Austin Powers in Goldmember (2002)
87869,2.909090909090909,11,Horrible Bosses (2011)
4558,2.909090909090909,11,Twins (1988)
1702,2.90625,16,Flubber (1997)
45431,2.9,15,Over the Hedge (2006)
60074,2.8947368421052633,19,Hancock (2008)
804,2.892857142857143,14,She's the One (1996)
88,2.891304347826087,23,Black Sheep (1996)
485,2.8867924528301887,53,Last Action Hero (1993)
5151,2.8846153846153846,13,40 Days and 40 Nights (2002)
7004,2.8846153846153846,13,Kindergarten Cop (1990)
709,2.875,12,Oliver & Company (1988)
1541,2.875,16,Addicted to Love (1997)
2794,2.875,16,European Vacation (aka National Lampoon's European Vacation) (1985)
2598,2.875,20,Pushing Tin (1999)
3882,2.875,20,Bring It On (2000)
186,2.875,48,Nine Months (1995)
4718,2.871794871794872,39,American Pie 2 (2001)
344,2.8714285714285714,175,Ace Ventura: Pet Detective (1994)
3264,2.8666666666666667,15,Buffy the Vampire Slayer (1992)
276,2.8636363636363638,22,Milk Money (1994)
12,2.861111111111111,18,Dracula: Dead and Loving It (1995)
3258,2.857142857142857,21,Death Becomes Her (1992)
7444,2.8529411764705883,17,13 Going on 30 (2004)
78469,2.8333333333333335,12,"A-Team, The (2010)"
415,2.8333333333333335,12,Another Stakeout (1993)
3273,2.814814814814815,27,Scream 3 (2000)
2724,2.811111111111111,45,Runaway Bride (1999)
3893,2.8095238095238093,21,Nurse Betty (2000)
719,2.8088235294117645,34,Multiplicity (1996)
765,2.8055555555555554,18,Jack (1996)
4025,2.792452830188679,53,Miss Congeniality (2000)
2558,2.7916666666666665,12,Forces of Nature (1999)
4232,2.7857142857142856,14,Spy Kids (2001)
153,2.7829457364341086,129,Batman Forever (1995)
3752,2.7674418604651163,43,"Me, Myself & Irene (2000)"
4890,2.760869565217391,23,Shallow Hal (2001)
1911,2.759259259259259,27,Dr. Dolittle (1998)
637,2.7586206896551726,29,Sgt. Bilko (1996)
3988,2.7586206896551726,29,How the Grinch Stole Christmas (a.k.a. The Grinch) (2000)
2717,2.755813953488372,43,Ghostbusters II (1989)
305,2.75,12,Ready to Wear (Pret-A-Porter) (1994)
327,2.75,26,Tank Girl (1995)
234,2.75,12,Exit to Eden (1994)
2253,2.75,20,Toys (1992)
2054,2.7434210526315788,76,"Honey, I Shrunk the Kids (1989)"
542,2.736842105263158,19,Son in Law (1993)
5449,2.736842105263158,19,Mr. Deeds (2002)
4270,2.734375,32,"Mummy Returns, The (2001)"
267,2.730769230769231,13,Major Payne (1995)
3977,2.7278481012658227,79,Charlie's Angels (2000)
2082,2.727272727272727,22,"Mighty Ducks, The (1992)"
1007,2.727272727272727,11,"Apple Dumpling Gang, The (1975)"
1126,2.727272727272727,11,Drop Dead Fred (1991)
4343,2.725,20,Evolution (2001)
1461,2.7142857142857144,14,Vegas Vacation (National Lampoon's Las Vegas Vacation) (1997)
2416,2.7142857142857144,14,Back to School (1986)
2262,2.7058823529411766,17,About Last Night... (1986)
2375,2.7045454545454546,22,"Money Pit, The (1986)"
256,2.7023809523809526,42,Junior (1994)
2136,2.6944444444444446,18,"Nutty Professor, The (1963)"
674,2.6904761904761907,21,Barbarella (1968)
743,2.6818181818181817,22,Spy Hard (1996)
8907,2.6818181818181817,11,Shark Tale (2004)
673,2.68,50,Space Jam (1996)
3827,2.6666666666666665,18,Space Cowboys (2000)
2735,2.6666666666666665,18,"Golden Child, The (1986)"
4015,2.659090909090909,22,"Dude, Where's My Car? (2000)"
432,2.6507936507936507,63,City Slickers II: The Legend of Curly's Gold (1994)
4621,2.642857142857143,14,Look Who's Talking (1989)
2378,2.6363636363636362,22,Police Academy (1984)
420,2.6315789473684212,57,Beverly Hills Cop III (1994)
1091,2.6296296296296298,27,Weekend at Bernie's (1989)
489,2.625,12,Made in America (1993)
3004,2.6153846153846154,13,"Bachelor, The (1999)"
2471,2.6136363636363638,22,Crocodile Dundee II (1988)
4639,2.607142857142857,14,America's Sweethearts (2001)
818,2.607142857142857,14,"Very Brady Sequel, A (1996)"
419,2.6,15,"Beverly Hillbillies, The (1993)"
19,2.597826086956522,92,Ace Ventura: When Nature Calls (1995)
2888,2.590909090909091,11,Drive Me Crazy (1999)
102,2.590909090909091,11,Mr. Wrong (1996)
6564,2.5833333333333335,12,Lara Croft Tomb Raider: The Cradle of Life (2003)
3785,2.581081081081081,37,Scary Movie (2000)
2004,2.5714285714285716,21,Gremlins 2: The New Batch (1990)
5957,2.566666666666667,15,Two Weeks Notice (2002)
59615,2.5625,24,Indiana Jones and the Kingdom of the Crystal Skull (2008)
784,2.5508474576271185,59,"Cable Guy, The (1996)"
36401,2.5454545454545454,11,"Brothers Grimm, The (2005)"
3130,2.5416666666666665,12,Bonfire of the Vanities (1990)
2088,2.54,25,Popeye (1980)
20,2.5384615384615383,13,Money Train (1995)
5943,2.533333333333333,15,Maid in Manhattan (2002)
2259,2.5,11,Blame It on Rio (1984)
7325,2.5,17,Starsky & Hutch (2004)
360,2.5,12,I Love Trouble (1994)
258,2.5,11,"Kid in King Arthur's Court, A (1995)"
86911,2.5,12,"Hangover Part II, The (2011)"
2372,2.5,11,Fletch Lives (1989)
3146,2.5,22,Deuce Bigalow: Male Gigolo (1999)
1713,2.5,16,Mouse Hunt (1997)
4069,2.480769230769231,26,"Wedding Planner, The (2001)"
3968,2.4705882352941178,17,Bedazzled (2000)
2953,2.467741935483871,31,Home Alone 2: Lost in New York (1992)
435,2.463636363636364,55,Coneheads (1993)
762,2.4615384615384617,39,Striptease (1996)
2806,2.4545454545454546,11,Teaching Mrs. Tingle (1999)
1381,2.4473684210526314,19,Grease 2 (1982)
6593,2.4285714285714284,14,Freaky Friday (2003)
2379,2.4210526315789473,19,Police Academy 2: Their First Assignment (1985)
6888,2.4166666666666665,12,Scary Movie 3 (2003)
4,2.3846153846153846,13,Waiting to Exhale (1995)
3248,2.3666666666666667,15,Sister Act 2: Back in the Habit (1993)
2053,2.3529411764705883,17,"Honey, I Blew Up the Kid (1992)"
6287,2.347826086956522,23,Anger Management (2003)
7173,2.3461538461538463,13,Along Came Polly (2004)
59900,2.3333333333333335,12,You Don't Mess with the Zohan (2008)
2574,2.3181818181818183,11,"Out-of-Towners, The (1999)"
413,2.3076923076923075,26,Airheads (1994)
4388,2.289473684210526,19,Scary Movie 2 (2001)
42011,2.25,12,Fun with Dick and Jane (2005)
3821,2.25,14,Nutty Professor II: The Klumps (2000)
93,2.227272727272727,11,Vampire in Brooklyn (1995)
355,2.2051282051282053,39,"Flintstones, The (1994)"
518,2.1363636363636362,11,"Road to Wellville, The (1994)"
3564,2.1363636363636362,11,"Flintstones in Viva Rock Vegas, The (2000)"
1359,2.1363636363636362,11,Jingle All the Way (1996)
5419,2.125,12,Scooby-Doo (2002)
374,2.1,20,Richie Rich (1994)
2720,2.1,20,Inspector Gadget (1999)
2701,2.0319148936170213,47,Wild Wild West (1999)
65,2.025,20,Bio-Dome (1996)
6503,2.0208333333333335,24,Charlie's Angels: Full Throttle (2003)
2381,1.9642857142857142,14,Police Academy 4: Citizens on Patrol (1987)
3979,1.8611111111111112,18,Little Nicky (2000)
2380,1.8333333333333333,15,Police Academy 3: Back in Training (1986)
3991,1.8181818181818181,11,102 Dalmatians (2000)
1760,1.8076923076923077,13,Spice World (1997)
2382,1.8076923076923077,13,Police Academy 5: Assignment: Miami Beach (1988)
2450,1.7916666666666667,12,Howard the Duck (1986)
546,1.7352941176470589,17,Super Mario Bros. (1993)
2383,1.7083333333333333,12,Police Academy 6: City Under Siege (1989)
